INSERT INTO buildings(name, floors)
VALUES ('Emporium', 4),
       ('Unison', 4);

INSERT INTO parking(name, capacity)
VALUES ('Indoor parking', 100),
       ('Outdoor parking', 150);

INSERT INTO room_kinds(name)
VALUES ('Double room'),
       ('Executive room'),
       ('Connected Family room'),
       ('Single room');

INSERT INTO rooms(kind_id, building_id, floor)
VALUES (1, 1, 1),
       (1, 1, 1),
       (2, 1, 2),
       (2, 1, 2),
       (3, 1, 3),
       (3, 1, 3),
       (4, 1, 4),
       (4, 1, 4),
       (1, 2, 1),
       (1, 2, 1),
       (2, 2, 2),
       (2, 2, 2),
       (3, 2, 3),
       (3, 2, 3),
       (4, 2, 4),
       (4, 2, 4);

INSERT INTO clients(name, UCN, room_id)
VALUES ('Oliver Brown', 'YB413288A', 1),
       ('Jack Wilson', 'EW444731D', 1),
       ('Emily Evans', 'AJ395665A', 2),
       ('Lily Smith', 'PJ250190G', 2),
       ('Thomas Taylor', 'GM823475E', 3),
       ('James Lee', 'ZH900692A', 3),
       ('Isabella Williams', 'PA838375F', 3),
       ('Margaret Anderson', 'LC255688D', 4),
       ('Martin Byrne', 'MB948687A', 4),
       ('Jessica Miller', 'XM766699F', 4),
       ('George Li', 'ST696146B', 5),
       ('Sophie Singh', 'GK720270C', 5),
       ('Charlie Wang', 'PZ124579D', 5),
       ('Olivia Kelly', 'HP855607A', 5),
       ('Megan Johnson', 'CC250911C', 5),
       ('Daniel Brien', 'OP461337B', 5),
       ('Ava Martin', 'HG750868A', 6),
       ('Connor Rodriguez', 'OW233920A', 6),
       ('Kyle Byrne', 'KG225158L', 6),
       ('Joe Ryan', 'KT668304A', 6),
       ('Bethany Garcia', 'XC190957D', 6),
       ('Samantha Davis', 'XG627815B', 6),
       ('Alexander Morton', 'GM361505H', 7),
       ('Susan Sullivan', 'ZK764437D', 8),
       ('Genevieve Lindsey', 'RZ922960B', 10),
       ('Unity Davison', 'BB044615R', 10),
       ('Harley Wilcher', 'AS964403L', 11),
       ('Tess Salazar', 'AL516149A', 11),
       ('Dale Pearson', 'MN821170B', 11),
       ('Heath Parkinson', 'AB848635A', 12),
       ('Bobby Fuller', 'CB426648D', 12),
       ('Drake Adkins', 'CK633477C', 12),
       ('Freddie Montgomery', 'MA456848A', 13),
       ('Virgil Pierce', 'EJ914104C', 13),
       ('Tammy Neel', 'TB049532K', 13),
       ('Lisa Lipsey', 'TA026465B', 13),
       ('Godfrey Richards', 'XG571771D', 13),
       ('Darell Mann', 'MK536028A', 13),
       ('Salena Mendoza', 'WG589892O', 15),
       ('Rosa Heath', 'RZ834496C', 16);

INSERT INTO reservations(room_id, client_email, start_date, end_date, late_checkout)
VALUES (1, 'bocekeld@eyeplace.us', '2022-03-06', '2022-03-12', false),
       (2, 'rebelham@emvil.com', '2022-09-14', '2022-09-25', true),
       (3, 'samohanga@tubidu.com', '2022-06-03', '2022-06-10', true),
       (4, 'sprewell@jerq.space', '2022-08-16', '2022-08-29', false),
       (5, 'macguinness@dexamail.com', '2022-10-12', '2022-10-18', true),
       (6, 'vsksetka@asifboot.com', '2022-10-25', '2022-11-05', false),
       (7, 'galinashub@kosay7.tk', '2022-12-15', '2022-12-18', true),
       (8, 'antonkent@livingoal.net', '2022-11-29', '2022-12-13', true),
       (10, 'doorly@berams.club', '2023-02-22', '2023-02-28', true),
       (11, 'emnina@bentsgolf.com', '2023-02-15', '2023-02-19', true),
       (12, 'subbotaomega@rimmerworld.xyz', '2023-01-07', '2023-01-17', false),
       (13, 'scott@ikanchana.com', '2023-02-24', '2023-02-27', false),
       (15, 'irinacvak@bikinakun.com', '2023-03-01', '2023-03-11', true);

INSERT INTO vehicles(client_id,
                     parking_id,
                     registration)
VALUES (1, 1, '8EHC431'),
       (3, 1, 'B38561'),
       (5, 1, '6RND324'),
       (9, 2, '444NJX'),
       (12, 2, 'HMZ0335'),
       (15, 2, '7BTV635'),
       (17, 1, '8CTT856'),
       (20, 2, 'KCLF08'),
       (23, 1, 'AP69532'),
       (24, 2, '9KJ461'),
       (25, 2, '4YLH492'),
       (27, 1, 'EEG757'),
       (30, 1, '7AS242'),
       (33, 2, 'D0T5DV'),
       (35, 2, '8EFJ043'),
       (39, 1, 'RRP9129'),
       (40, 2, 'MZK226');
